<?xml version="1.0" encoding="UTF-8"?><!--
        *** GENERATED FROM jax-ws.xml - DO NOT EDIT !                             ***
        *** TO MODIFY wsimport options USE Web Service node -> Edit WS Attributes ***
        *** TO CHANGE TARGETS GENERATED TO jaxws-build.xml COPY THOSE             ***
        *** TARGETS TO ../build.xml AND MODIFY THAT FILE INSTEAD                  ***

        --><project xmlns:xalan="http://xml.apache.org/xslt" xmlns:j2seproject3="http://www.netbeans.org/ns/j2se-project/3" xmlns:jaxws="http://www.netbeans.org/ns/jax-ws/1">
    <!--
                ===================
                JAX-WS WSIMPORT SECTION
                ===================
            -->
    <target name="wsimport-init" depends="init">
        <mkdir dir="${build.generated.sources.dir}/jax-ws"/>
        <taskdef name="wsimport" classname="com.sun.tools.ws.ant.WsImport">
            <classpath path="${libs.jaxws21.classpath}"/>
        </taskdef>
    </target>
    <target name="wsimport-client-LoginWS" depends="wsimport-init">
        <mkdir dir="${build.generated.dir}/jax-wsCache/LoginWS"/>
        <property name="wsdl-LoginWS" location="xml-resources/web-service-references/LoginWS/wsdl/localhost_8080/LoginWSApplication/LoginWS.wsdl"/>
        <wsimport sourcedestdir="${build.generated.dir}/jax-wsCache/LoginWS" destdir="${build.generated.dir}/jax-wsCache/LoginWS" wsdl="${wsdl-LoginWS}" catalog="catalog.xml" encoding="${source.encoding}" extension="true" verbose="true" fork="false" wsdlLocation="http://localhost:8080/LoginWSApplication/LoginWS?wsdl" xnocompile="true" xendorsed="true">
            <depends file="${wsdl-LoginWS}"/>
            <produces dir="${build.generated.dir}/jax-wsCache/LoginWS"/>
        </wsimport>
        <copy todir="${build.generated.sources.dir}/jax-ws">
            <fileset dir="${build.generated.dir}/jax-wsCache/LoginWS">
                <include name="**/*.java"/>
            </fileset>
        </copy>
    </target>
    <target name="wsimport-client-clean-LoginWS" depends="-init-project">
        <delete dir="${build.generated.dir}/jax-wsCache/LoginWS"/>
        <delete dir="${build.generated.sources.dir}/jax-ws/org/kikko/loginws"/>
    </target>
    <target name="wsimport-client-generate" depends="wsimport-client-LoginWS"/>
</project>
